ID,Age,Gender,Name,Phone Number
1,69,Female,Tina Garcia,(705)298-9015x277
2,29,Male,Keith Chen,333.911.7942x481
3,24,Female,Joshua Martinez,(590)718-1443x71254
4,60,Male,Thomas Norton,997.219.8773
5,77,Male,Lindsay Harris,751.316.8548x465
6,61,Female,Jonathan Rodriguez,896.641.2213x117
7,71,Male,Lisa Burton,8746105037
8,36,Male,Erika Perry,001-464-418-5931x99024
9,59,Female,Leslie Caldwell,317.940.5990x04689
10,42,Female,Micheal Walton,(868)909-2086
11,55,Female,Gabriel Pace,001-224-461-1610x35538
12,64,Male,Jason Terry,661.215.7484x26074
13,27,Female,Lisa Jones,+1-623-718-3390
14,57,Male,Jonathan Gonzalez,634-648-9657x6238
15,31,Male,Anthony Lane,435-996-0882x9875
16,59,Female,Michael Bishop,001-229-802-4101x5658
17,30,Female,Robert Noble,001-682-475-9035x87312
18,87,Female,Jill Cordova,+1-656-826-3520x7305
19,47,Male,Jennifer Moore,001-471-994-6671x2298
20,42,Female,David Spencer,385.967.9679x0654
21,80,Female,James Collier,+1-472-464-5351x42002
22,89,Male,Kristen Meza,3936472516
23,28,Female,Alan Waters,3592196006
24,44,Male,Rebecca Savage,+1-581-349-9363
25,20,Female,James Stein,9032226852
26,53,Female,Daniel Gill,001-958-320-7464x0283
27,77,Male,Tricia Clarke,819-990-2675x600
28,25,Male,Stephanie Jones,001-944-648-5909x0953
29,84,Female,Taylor Wilson,706-511-5518x6155
30,33,Female,Mark Garcia,(307)471-1999
31,29,Female,Monique Gomez,001-655-570-6897
32,88,Male,Heather Williamson,+1-643-796-6998x16228
33,31,Female,Christina Mcconnell,374.728.5557
34,50,Male,Michael Boyle,7064286970
35,41,Male,Amy Hayes,648.913.1422x26549
36,44,Male,Matthew Lewis,836-782-3292
37,58,Female,Shelby Dunn,+1-670-860-1406x258
38,30,Male,Stephen Adams,551-363-3600x751
39,44,Male,Michael Huerta,+1-550-647-3043x15577
40,23,Female,Charlotte Hardy,001-701-609-2624x44692
41,28,Female,Alexander Franco,754-219-7597x123
42,90,Male,Erica Nelson MD,(379)984-5551
43,36,Female,David Watson,(335)759-1111
44,64,Male,Kelly Garcia,+1-601-886-2590x5644
45,81,Male,Adam Cameron,(926)465-0676x638
46,29,Female,Alicia Phelps,001-376-443-1529x02163
47,82,Female,Veronica Wilson,001-927-859-2104x23619
48,51,Male,Kathryn Merritt,6625110891
49,28,Female,Debra Lee,309.883.6890x98741
50,61,Male,Alexis Wells,(308)527-9407
51,58,Female,Christopher Brown,321.559.4936x39001
52,48,Female,Amanda Mcfarland,(845)209-5806x7801
53,26,Male,Amy Flores,548-358-3327x733
54,69,Female,Lauren Brown,(527)571-7086x52895
55,42,Male,Stephanie Byrd,+1-891-635-2617
56,28,Female,Robin Owens,(398)444-8125
57,79,Female,Robert Stewart,592.444.0837x27515
58,56,Male,Nicole Wolfe,001-336-510-5556x5563
59,89,Female,Kayla Smith,418-506-2715
60,20,Female,Chase Silva,+1-554-379-0588x77426
61,53,Male,Allison Sherman,482-648-5886x8213
62,21,Male,Jimmy Santos,+1-263-322-6341x2898
63,19,Female,David Meyer,+1-913-975-1210
64,33,Male,Michael Thompson,8484720367
65,90,Female,Heather Williams,+1-361-496-5428
66,80,Male,Rachel Richardson,242-246-5729x180
67,39,Female,Mark Goodwin,+1-535-566-0823
68,63,Male,Sarah Valentine,856-777-0331
69,20,Female,Abigail Guzman,+1-395-230-5509x895
70,84,Female,Joshua Singleton PhD,001-447-318-9797
71,42,Female,Timothy Nguyen,624.361.1927x722
72,63,Female,Stephanie Taylor,(454)923-0001x133
73,64,Male,Diane Rodriguez,289.501.1168x74065
74,64,Female,Bryce Acosta,379-236-1226x894
75,71,Male,John Delacruz,277-479-4447x2373
76,78,Female,Aaron Austin,440-246-4548
77,38,Male,Christine Brown,219.944.2206x324
78,44,Female,Gary Stout,(445)635-0436x69196
79,80,Male,Sandra Jones,+1-755-457-0092x49775
80,32,Female,Kelsey Thornton,(771)622-7397
81,30,Female,Justin Davis,+1-923-494-8858x275
82,73,Male,Catherine Hogan,678-490-7542
83,28,Female,Mark Williams,232.690.3772x016
84,78,Male,Jacob Soto,308.485.2769
85,58,Male,Alexis Young,881.665.2161x647
86,82,Female,Peter Moss,532-740-3712
87,41,Male,Alex Huang,(813)558-3646x257
88,39,Male,Michelle Erickson,883.628.8820
89,22,Male,Diana Mcguire,793-614-1154
90,40,Male,Jamie Guzman,224.747.8975
91,32,Female,Jessica Wolfe,+1-975-710-6151
92,36,Female,Jennifer Hernandez,(760)810-3739
93,85,Male,Sarah Mckay,904.322.1760x6474
94,86,Female,Robert Ortiz,601.791.5171x222
95,25,Male,Kelli Chan,377.506.8024x382
96,46,Female,Matthew Thomas,001-296-419-1109x7252
97,33,Male,Kevin Gonzalez,(772)628-3328x3630
98,79,Male,Danny Evans,944-621-8024
99,40,Female,Andrew Arnold,001-497-979-3397x291
100,87,Female,Julie Silva,(364)579-4142x173
